{
  "id": "3193103",
  "name": "京东用户",
  "font_family": "iconfont",
  "css_prefix_text": "icon-",
  "description": "",
  "glyphs": [
    {
      "icon_id": "3207723",
      "name": "睁眼",
      "font_class": "icon-eye-open",
      "unicode": "e60c",
      "unicode_decimal": 58892
    },
    {
      "icon_id": "4354835",
      "name": "闭眼睛",
      "font_class": "biyanjing",
      "unicode": "e901",
      "unicode_decimal": 59649
    },
    {
      "icon_id": "91830",
      "name": "待付款",
      "font_class": "daifukuan",
      "unicode": "e600",
      "unicode_decimal": 58880
    },
    {
      "icon_id": "2811146",
      "name": "待收货",
      "font_class": "daishouhuo",
      "unicode": "e640",
      "unicode_decimal": 58944
    },
    {
      "icon_id": "3456452",
      "name": "购物车",
      "font_class": "gouwuche",
      "unicode": "e70b",
      "unicode_decimal": 59147
    },
    {
      "icon_id": "5667960",
      "name": "待评价",
      "font_class": "daipingjia",
      "unicode": "e62a",
      "unicode_decimal": 58922
    },
    {
      "icon_id": "6061533",
      "name": "删除",
      "font_class": "shanchu",
      "unicode": "ec7b",
      "unicode_decimal": 60539
    }
  ]
}
