{
  "id": "3170933",
  "name": "京东首页",
  "font_family": "iconfont",
  "css_prefix_text": "icon-",
  "description": "",
  "glyphs": [
    {
      "icon_id": "577345",
      "name": "客服",
      "font_class": "kefu",
      "unicode": "e741",
      "unicode_decimal": 59201
    },
    {
      "icon_id": "637761",
      "name": "反馈",
      "font_class": "fankui",
      "unicode": "e60c",
      "unicode_decimal": 58892
    },
    {
      "icon_id": "1075",
      "name": "照相机",
      "font_class": "zhaoxiangji",
      "unicode": "e600",
      "unicode_decimal": 58880
    },
    {
      "icon_id": "577341",
      "name": "购物车",
      "font_class": "gouwuche",
      "unicode": "e73d",
      "unicode_decimal": 59197
    },
    {
      "icon_id": "630085",
      "name": "向上箭头",
      "font_class": "xiangshangjiantou",
      "unicode": "e65d",
      "unicode_decimal": 58973
    },
    {
      "icon_id": "630092",
      "name": "向下箭头",
      "font_class": "xiangxiajiantou",
      "unicode": "e65e",
      "unicode_decimal": 58974
    },
    {
      "icon_id": "630094",
      "name": "向右箭头",
      "font_class": "xiangyoujiantou",
      "unicode": "e65f",
      "unicode_decimal": 58975
    },
    {
      "icon_id": "630095",
      "name": "向左箭头",
      "font_class": "xiangzuojiantou",
      "unicode": "e660",
      "unicode_decimal": 58976
    },
    {
      "icon_id": "666889",
      "name": "搜索",
      "font_class": "sousuo",
      "unicode": "e693",
      "unicode_decimal": 59027
    },
    {
      "icon_id": "1718351",
      "name": "上箭头",
      "font_class": "shangjiantou",
      "unicode": "e601",
      "unicode_decimal": 58881
    },
    {
      "icon_id": "13014640",
      "name": "位置",
      "font_class": "weizhi",
      "unicode": "e61a",
      "unicode_decimal": 58906
    }
  ]
}
